DNA_Index,
1.9387078,
1.523057,
1.3127701,
1.1920862,
1.1880125,
1.1823846,
1.1793505,
1.1775358,
1.1772481,
1.1695838,
1.1670492,
1.1643089,
1.1630996,
1.1461043,
1.1455327,
1.1427397,
1.1423953,
1.1401918,
1.1391064,
1.1381514,
1.1376162,
1.1366489,
1.1355492,
1.1335018,
1.1316042,
1.129088,
1.1279125,
1.1278044,
1.1266929,
1.1263602,
1.1260817,
1.1234546,
1.1232523,
1.1227368,
1.1224736,
1.1223311,
1.1222963,
1.1201212,
1.119648,
1.1184725,
1.1182705,
1.1172004,
1.1146657,
1.1140562,
1.1137146,
1.1136928,
1.1133796,
1.1125486,
1.1117463,
1.1116152,
1.111005,
1.1101708,
1.1097791,
1.1077789,
1.1073595,
1.1066481,
1.10621,
1.1056949,
1.1055019,
1.1054133,
1.1054037,
1.104949,
1.1046476,
1.1043168,
1.1041602,
1.1040055,
1.1039624,
1.1039176,
1.1039004,
1.1036788,
1.1034739,
1.1031667,
1.1026202,
1.1019142,
1.1016029,
1.1011662,
1.1004912,
1.1002601,
1.1001166,
1.0999496,
1.0995232,
1.0995147,
1.0991995,
1.0985397,
1.0983249,
1.0983124,
1.0982544,
1.0981268,
1.0978487,
1.097495,
1.0974431,
1.0973866,
1.0973711,
1.0973283,
1.0972402,
1.0969304,
1.0967423,
1.0966814,
1.0963892,
1.0957955,
1.0954366,
1.0953007,
1.0948654,
1.0948561,
1.093776,
1.0936803,
1.0934124,
1.0930946,
1.0928968,
1.0927191,
1.0924628,
1.0923567,
1.0922576,
1.0921348,
1.0916276,
1.0910373,
1.0905833,
1.0905719,
1.0892872,
1.0891056,
1.0890521,
1.0887747,
1.0885172,
1.088099,
1.088068,
1.0880196,
1.0878491,
1.0876833,
1.0876428,
1.0876225,
1.0872582,
1.0871826,
1.086842,
1.086825,
1.0867348,
1.0867106,
1.0867041,
1.0865835,
1.0864974,
1.0864347,
1.0862405,
1.0861841,
1.0855705,
1.0855086,
1.0854664,
1.0853244,
1.0852908,
1.0852767,
1.0850567,
1.0850247,
1.0849122,
1.0848196,
1.084646,
1.0844573,
1.084439,
1.0843707,
1.0841242,
1.0838611,
1.083803,
1.0836349,
1.0834608,
1.0832682,
1.0832627,
1.0830184,
1.0827086,
1.0825609,
1.082386,
1.0822631,
1.0821248,
1.0818385,
1.0817196,
1.0815848,
1.0814158,
1.0807333,
1.0807157,
1.0806696,
1.0806652,
1.0804317,
1.0802035,
1.0800879,
1.0799115,
1.079753,
1.0796707,
1.0796335,
1.0794897,
1.0793267,
1.0791754,
1.0790861,
1.0788935,
1.0782115,
1.0779505,
1.0773495,
1.0771327,
1.0769205,
1.0768402,
1.0766827,
1.0765194,
1.0763762,
1.0763527,
1.0761917,
1.0761456,
1.0757983,
1.0757936,
1.0757539,
1.0754626,
1.0753102,
1.0752282,
1.075227,
1.0752262,
1.0751101,
1.0750438,
1.0749869,
1.0748454,
1.0747834,
1.0747074,
1.0745362,
1.0745207,
1.0745131,
1.0744162,
1.0741658,
1.0741339,
1.0739214,
1.0739201,
1.0739198,
1.0737863,
1.0732218,
1.0731622,
1.0730195,
1.0729673,
1.0726249,
1.0724653,
1.0723063,
1.0723045,
1.0722547,
1.0722517,
1.0720776,
1.0716803,
1.0716528,
1.0716207,
1.0715829,
1.0714905,
1.0712881,
1.071281,
1.0711765,
1.0711303,
1.071073,
1.0708901,
1.070881,
1.0705004,
1.0703909,
1.0702825,
1.0702718,
1.0699703,
1.0697358,
1.0695505,
1.0694518,
1.0694028,
1.0693676,
1.0692437,
1.0688847,
1.0687792,
1.0687678,
1.0687243,
1.0685431,
1.0680139,
1.067827,
1.0677451,
1.0674045,
1.067011,
1.0669404,
1.0667155,
1.0667139,
1.0666848,
1.066619,
1.0666134,
1.0665679,
1.0664598,
1.0662236,
1.0662073,
1.0660486,
1.0660257,
1.0657134,
1.0655077,
1.0652635,
1.0652498,
1.0650979,
1.0648346,
1.064655,
1.064603,
1.0645622,
1.0644815,
1.064469,
1.064417,
1.0643971,
1.0643822,
1.0641143,
1.0640848,
1.0639366,
1.0637405,
1.063723,
1.0637186,
1.0636858,
1.063525,
1.0634823,
1.0633531,
1.063139,
1.0629069,
1.0628242,
1.0627701,
1.0627627,
1.062688,
1.0625403,
1.0624765,
1.0620203,
1.0619751,
1.0618188,
1.0616966,
1.0614603,
1.0614394,
1.0613245,
1.0612639,
1.0611874,
1.0611335,
1.0610613,
1.0609511,
1.0608159,
1.0604626,
1.0604099,
1.0600039,
1.0598544,
1.0597688,
1.0595855,
1.0593853,
1.059325,
1.0592645,
1.0592536,
1.0592136,
1.0590034,
1.0589013,
1.0588732,
1.0588322,
1.0582657,
1.057966,
1.0576926,
1.0574424,
1.0573881,
1.057366,
1.0570291,
1.0570201,
1.056985,
1.0569082,
1.0568715,
1.0567682,
1.0566843,
1.0565706,
1.0565356,
1.0563363,
1.0563,
1.0562017,
1.0557843,
1.0557739,
1.0557578,
1.0557067,
1.0556166,
1.055584,
1.0555747,
1.0553408,
1.0552725,
1.055209,
1.05509,
1.0550805,
1.0550218,
1.0549474,
1.0547919,
1.0547618,
1.0546848,
1.0546818,
1.0546529,
1.0545119,
1.0544819,
1.0544338,
1.054377,
1.0542308,
1.0542132,
1.0539978,
1.0538611,
1.0537422,
1.0536735,
1.0535489,
1.0535178,
1.0533141,
1.0532874,
1.0530846,
1.0530363,
1.0529737,
1.0529015,
1.0528744,
1.0528685,
1.05279,
1.0527527,
1.0527073,
1.0525007,
1.0521512,
1.0521437,
1.051983,
1.0518782,
1.0515294,
1.0513861,
1.0511864,
1.0510007,
1.0509764,
1.050728,
1.0506201,
1.050612,
1.0505234,
1.0504347,
1.0503294,
1.0501636,
1.0500528,
1.0500208,
1.0494344,
1.0494026,
1.0492555,
1.0492467,
1.0491927,
1.0490993,
1.0489694,
1.0488762,
1.0488491,
1.0487602,
1.0487076,
1.0486703,
1.048433,
1.0484327,
1.0482172,
1.0481789,
1.0480624,
1.0480365,
1.0479577,
1.0478938,
1.0478526,
1.0477746,
1.047768,
1.047757,
1.0475955,
1.047563,
1.04753,
1.0474981,
1.0474629,
1.0473648,
1.0470868,
1.0469785,
1.0467755,
1.0464255,
1.0464014,
1.0463839,
1.0463418,
1.0462871,
1.0460066,
1.045998,
1.0459831,
1.0459571,
1.0458272,
1.0457889,
1.0456486,
1.0456386,
1.0456179,
1.0455105,
1.0453085,
1.0452951,
1.0452896,
1.0451726,
1.045065,
1.0450472,
1.0442568,
1.0441568,
1.0440587,
1.0440218,
1.0435548,
1.0434694,
1.0434586,
1.0433922,
1.0431452,
1.0430964,
1.0430528,
1.0429118,
1.042839,
1.042498,
1.0423948,
1.0422542,
1.0422107,
1.0421064,
1.0419201,
1.0419172,
1.041907,
1.0419003,
1.0416093,
1.0415471,
1.0414764,
1.0414573,
1.0411149,
1.0410913,
1.0409865,
1.0409442,
1.0408609,
1.0406317,
1.04062,
1.0405579,
1.0403924,
1.0402142,
1.0400791,
1.0400584,
1.0399891,
1.0399467,
1.0398555,
1.0398365,
1.0398018,
1.0397854,
1.0397607,
1.0394931,
1.0394778,
1.0394344,
1.0393978,
1.0392973,
1.0391623,
1.0391023,
1.0389774,
1.0389441,
1.0387944,
1.038745,
1.0386679,
1.0385677,
1.0385497,
1.0385396,
1.038474,
1.0383688,
1.038335,
1.0381104,
1.0379018,
1.0378777,
1.0378236,
1.0376147,
1.0375619,
1.0372715,
1.0371759,
1.0369779,
1.036964,
1.036805,
1.0367965,
1.0366212,
1.03643,
1.0362871,
1.0362712,
1.03621,
1.0361128,
1.036001,
1.0359621,
1.0359555,
1.0358135,
1.0356077,
1.0355643,
1.0354574,
1.035455,
1.0350668,
1.0350012,
1.0349844,
1.034937,
1.0349116,
1.0348552,
1.034804,
1.0347619,
1.0347202,
1.0346884,
1.0345832,
1.0342824,
1.0342133,
1.0340691,
1.0340676,
1.0340283,
1.0339767,
1.0337883,
1.0336924,
1.0335265,
1.033377,
1.0331181,
1.0330427,
1.03301,
1.0329826,
1.032921,
1.0329094,
1.0328966,
1.0328016,
1.0327978,
1.0327778,
1.0326666,
1.0323762,
1.0323491,
1.0323038,
1.0320795,
1.0320058,
1.0319709,
1.0319197,
1.0317855,
1.0317546,
1.031622,
1.0316211,
1.0314347,
1.0313437,
1.0312389,
1.031224,
1.0310359,
1.0309632,
1.0309385,
1.0308541,
1.030777,
1.0306845,
1.0306026,
1.0304611,
1.030424,
1.0304054,
1.0303689,
1.030347,
1.0303274,
1.0302886,
1.03019,
1.0300891,
1.0300874,
1.0300785,
1.0299703,
1.0298637,
1.0297861,
1.0296527,
1.0294642,
1.0292882,
1.029235,
1.0292115,
1.0291297,
1.0290049,
1.0289456,
1.0289196,
1.0287011,
1.02824,
1.0282183,
1.0280212,
1.0278919,
1.0277514,
1.0275954,
1.0275857,
1.0274751,
1.0273954,
1.0273035,
1.0271839,
1.0269666,
1.0268444,
1.026834,
1.0264845,
1.0263474,
1.0263406,
1.0263294,
1.026216,
1.0261636,
1.0261528,
1.0261408,
1.026136,
1.0260934,
1.0260779,
1.025951,
1.025936,
1.0258386,
1.0256959,
1.025674,
1.025662,
1.0256541,
1.025572,
1.0254968,
1.0253872,
1.025358,
1.025346,
1.0251483,
1.0251448,
1.0250655,
1.0250009,
1.0249865,
1.0249028,
1.0247729,
1.0247359,
1.0245551,
1.0245161,
1.0244465,
1.0242797,
1.0242766,
1.024225,
1.0241019,
1.0240972,
1.0240644,
1.0237757,
1.0237259,
1.0237019,
1.0235999,
1.0233016,
1.0232235,
1.0231802,
1.023054,
1.0230078,
1.0228952,
1.0228817,
1.022756,
1.0227085,
1.0224181,
1.0223743,
1.022263,
1.0220985,
1.0220863,
1.0219406,
1.0216945,
1.0216799,
1.02161,
1.0215932,
1.0215844,
1.0215473,
1.0215219,
1.0215214,
1.0213774,
1.0211389,
1.0210016,
1.0209347,
1.0209216,
1.0209149,
1.0208001,
1.0205891,
1.0202435,
1.0202042,
1.0201181,
1.0200542,
1.0200025,
1.0200002,
1.0198762,
1.0198232,
1.0197169,
1.0196753,
1.0196741,
1.0195636,
1.0193179,
1.0192639,
1.019179,
1.0191139,
1.0189697,
1.0189345,
1.0188942,
1.0188255,
1.018746,
1.0187365,
1.0186433,
1.0186414,
1.0185678,
1.0184913,
1.0183854,
1.0183483,
1.0182328,
1.018167,
1.0180393,
1.0179461,
1.0179037,
1.017873,
1.0177693,
1.0176669,
1.0175593,
1.0175477,
1.0174948,
1.0173053,
1.0172532,
1.0172356,
1.0171999,
1.0170548,
1.0169231,
1.016918,
1.0166949,
1.0166726,
1.0162139,
1.0162001,
1.0159607,
1.0159373,
1.0158215,
1.0157534,
1.0155253,
1.0153055,
1.015274,
1.0152566,
1.0152339,
1.0150343,
1.014952,
1.014891,
1.0148898,
1.014787,
1.0147606,
1.0147183,
1.0147113,
1.014697,
1.0146432,
1.0146371,
1.014582,
1.0145612,
1.014187,
1.0140157,
1.0139705,
1.0137973,
1.0137299,
1.0137061,
1.0134457,
1.0133026,
1.0132109,
1.0131223,
1.0130684,
1.0130496,
1.0130455,
1.0129751,
1.0128934,
1.0128833,
1.0127647,
1.0126595,
1.01264,
1.0125958,
1.0125613,
1.0124311,
1.0123388,
1.0121558,
1.0115749,
1.0113938,
1.0113927,
1.0112247,
1.0111613,
1.0109061,
1.0108482,
1.0107728,
1.0107512,
1.0107316,
1.0106611,
1.0105547,
1.0104456,
1.0104344,
1.0103997,
1.010158,
1.0101421,
1.0100752,
1.0099043,
1.0099003,
1.0097808,
1.0096222,
1.0093235,
1.0090758,
1.0089422,
1.0088569,
1.0087621,
1.0087576,
1.0084686,
1.0084561,
1.0083069,
1.0081896,
1.0080781,
1.0077406,
1.0076697,
1.0075185,
1.0074105,
1.007368,
1.0070755,
1.0069655,
1.0069578,
1.0068965,
1.0066497,
1.0065706,
1.0065255,
1.0063927,
1.006329,
1.0062785,
1.0061786,
1.0061233,
1.006029,
1.0059917,
1.0058825,
1.0058514,
1.0058012,
1.0057966,
1.0056987,
1.0056076,
1.00548,
1.0054389,
1.0053848,
1.0053365,
1.0052668,
1.0052439,
1.0051613,
1.0049919,
1.0049545,
1.004923,
1.0046502,
1.0043445,
1.0042455,
1.0040864,
1.0040112,
1.003581,
1.0035324,
1.0034657,
1.0033531,
1.0033015,
1.0032369,
1.0030417,
1.0029693,
1.0029368,
1.002936,
1.0029265,
1.0029204,
1.0021472,
1.0020179,
1.0019069,
1.0019038,
1.0016925,
1.0016708,
1.0015109,
1.0014604,
1.0012223,
1.0010159,
1.0007917,
1.0007672,
1.0007036,
1.0006918,
1.0006328,
1.000338,
1.0002606,
0.9999714,
0.9998891,
0.99983793,
0.9996443,
0.9993449,
0.9993043,
0.99926335,
0.99915797,
0.9991267,
0.99909323,
0.9990535,
0.99900305,
0.9989603,
0.99880695,
0.9987251,
0.9987099,
0.9986594,
0.99865115,
0.99837375,
0.9983558,
0.9983145,
0.9982946,
0.99827206,
0.99821895,
0.9981003,
0.99797606,
0.99787086,
0.99771476,
0.9976812,
0.9973756,
0.9973206,
0.9972839,
0.9969287,
0.9967715,
0.9967233,
0.9963798,
0.99636906,
0.9963612,
0.99635744,
0.9963479,
0.9962437,
0.9961274,
0.99609274,
0.9958205,
0.99570084,
0.9955854,
0.9955573,
0.9955542,
0.9954627,
0.99543655,
0.99527967,
0.99524295,
0.9951553,
0.99497586,
0.9949247,
0.9948991,
0.9947311,
0.99443185,
0.99413204,
0.9941154,
0.99407893,
0.9939805,
0.9939481,
0.9939471,
0.99391496,
0.99389976,
0.9936381,
0.9936222,
0.9936155,
0.9933876,
0.9933067,
0.9931197,
0.99311674,
0.9930636,
0.9930259,
0.99301344,
0.9929567,
0.99295354,
0.99283004,
0.99279505,
0.99268585,
0.9925542,
0.99240595,
0.9922609,
0.9921857,
0.99217707,
0.99181503,
0.9916113,
0.9910138,
0.9908397,
0.99079514,
0.9906248,
0.9905884,
0.99056965,
0.9905271,
0.99045557,
0.9904524,
0.99043614,
0.99042165,
0.9904165,
0.9903584,
0.9903052,
0.990279,
0.9899539,
0.98995054,
0.98986584,
0.9898462,
0.9897736,
0.98969567,
0.98956406,
0.9894161,
0.9894126,
0.98935026,
0.98931533,
0.9892217,
0.9892033,
0.9891218,
0.9888935,
0.9887631,
0.98862255,
0.98815703,
0.9880589,
0.9876922,
0.9876077,
0.9875994,
0.9874594,
0.9872313,
0.9872209,
0.9871825,
0.98709697,
0.9869366,
0.9868867,
0.9868648,
0.986815,
0.9867274,
0.9865902,
0.98656726,
0.98654306,
0.98647124,
0.9864159,
0.9862852,
0.9861129,
0.98579705,
0.9857175,
0.9856864,
0.98563653,
0.98555416,
0.985495,
0.98544806,
0.98544365,
0.9853928,
0.98536474,
0.9852279,
0.9851626,
0.98514193,
0.9851082,
0.9850779,
0.9850435,
0.98493785,
0.98477507,
0.9846854,
0.9846604,
0.9846417,
0.9844753,
0.9843977,
0.9843389,
0.984333,
0.98432446,
0.9842252,
0.9842145,
0.98415303,
0.98414,
0.98409975,
0.9840852,
0.98404825,
0.984022,
0.9838321,
0.9837871,
0.9837689,
0.98368675,
0.9835806,
0.98337615,
0.98328996,
0.9832622,
0.983164,
0.9829714,
0.9828374,
0.98235214,
0.9820387,
0.9819303,
0.98186564,
0.9818305,
0.98168755,
0.9816833,
0.9816323,
0.9815592,
0.98152137,
0.98143405,
0.9813441,
0.9812362,
0.9812134,
0.98119175,
0.98111737,
0.9810005,
0.9806605,
0.98059464,
0.9804646,
0.9802495,
0.9801665,
0.98012155,
0.9799955,
0.9799257,
0.9798446,
0.9796823,
0.9796209,
0.97929794,
0.97918326,
0.97917587,
0.97873044,
0.9787105,
0.97855777,
0.97855633,
0.97852945,
0.97835994,
0.97829694,
0.97817695,
0.9778812,
0.9778273,
0.97780424,
0.9776713,
0.9774839,
0.97721535,
0.9771029,
0.97703606,
0.97702634,
0.9769679,
0.97682756,
0.97656715,
0.97650236,
0.9763551,
0.9762931,
0.9762006,
0.9760939,
0.97594947,
0.9758233,
0.9753959,
0.97537273,
0.9753427,
0.9748754,
0.97480875,
0.9747581,
0.9747013,
0.97457504,
0.9744973,
0.97442514,
0.9742942,
0.97428906,
0.97427714,
0.9741989,
0.97417885,
0.9740446,
0.9739648,
0.97395563,
0.9739066,
0.97374165,
0.97373533,
0.9736738,
0.9734433,
0.97339225,
0.9732332,
0.972995,
0.97294426,
0.97292507,
0.9726978,
0.9726897,
0.9726277,
0.9725607,
0.9724432,
0.9723472,
0.9722769,
0.9721633,
0.9721584,
0.97212857,
0.97208095,
0.97182137,
0.97148186,
0.97131294,
0.97101766,
0.97097015,
0.97055435,
0.97055244,
0.97048676,
0.970238,
0.969718,
0.96968096,
0.9696588,
0.96965724,
0.96958673,
0.9694588,
0.969429,
0.9693494,
0.96902174,
0.96880525,
0.9687541,
0.9685916,
0.9685568,
0.96847147,
0.9684363,
0.9683316,
0.96798784,
0.9674267,
0.96723837,
0.9671391,
0.967114,
0.9670126,
0.9669684,
0.9669627,
0.966789,
0.96672744,
0.96672165,
0.9665461,
0.9664872,
0.9664567,
0.9661592,
0.9660021,
0.96600014,
0.9658755,
0.9658222,
0.9656697,
0.96557635,
0.9655118,
0.9654003,
0.9652633,
0.9651878,
0.9649259,
0.96487707,
0.9647265,
0.9646579,
0.9644536,
0.96442276,
0.96427494,
0.9641663,
0.9640003,
0.96386266,
0.9638536,
0.96374,
0.9636491,
0.9636201,
0.9635855,
0.963558,
0.96352,
0.96339893,
0.9633463,
0.9630896,
0.9630195,
0.9628939,
0.96256304,
0.96215254,
0.9619068,
0.96190184,
0.96159774,
0.96156734,
0.96117437,
0.9611022,
0.96080035,
0.9607322,
0.96067894,
0.96038747,
0.9603493,
0.96004444,
0.95997304,
0.95988923,
0.9596896,
0.959573,
0.95950377,
0.959142,
0.9588418,
0.9588069,
0.9587227,
0.95854443,
0.95846635,
0.9582929,
0.9582888,
0.9582384,
0.9581716,
0.9579748,
0.9577464,
0.95766854,
0.9576597,
0.9575645,
0.95704454,
0.9570387,
0.95701516,
0.95690495,
0.95678717,
0.95674366,
0.95667595,
0.9565765,
0.95635766,
0.9561767,
0.956174,
0.9561579,
0.9561173,
0.955687,
0.9551209,
0.9550173,
0.9548668,
0.95466805,
0.9545448,
0.9544388,
0.95438313,
0.9543594,
0.95412457,
0.95381314,
0.9535746,
0.95338154,
0.9533714,
0.9532921,
0.9531964,
0.95284253,
0.9526575,
0.9524528,
0.9524418,
0.9524133,
0.9523168,
0.95197886,
0.95195824,
0.9516203,
0.95161265,
0.951607,
0.9515113,
0.95120054,
0.9511915,
0.9509401,
0.9508661,
0.95077604,
0.95048577,
0.9501837,
0.9501112,
0.9500305,
0.94935,
0.94877684,
0.94877243,
0.94869006,
0.94865704,
0.94864804,
0.9482689,
0.94822913,
0.94819677,
0.9481367,
0.94764256,
0.9476124,
0.94733036,
0.9472989,
0.94724417,
0.94702077,
0.94686335,
0.9465583,
0.94616044,
0.94594014,
0.94568866,
0.9454379,
0.9453255,
0.9448395,
0.9447961,
0.9447746,
0.9447531,
0.9447523,
0.94471234,
0.94469833,
0.944695,
0.9445329,
0.94431204,
0.94409364,
0.9437191,
0.94356054,
0.9430326,
0.94252914,
0.942268,
0.94194466,
0.94188714,
0.9418633,
0.9417746,
0.94162273,
0.9414186,
0.9414053,
0.94137967,
0.9410889,
0.9410632,
0.94094527,
0.94079417,
0.940776,
0.94048995,
0.9404715,
0.94033504,
0.940259,
0.9397435,
0.93963414,
0.93926555,
0.93913805,
0.9388629,
0.9384319,
0.93816686,
0.93786407,
0.93782973,
0.937817,
0.93762237,
0.93742573,
0.93742156,
0.93735075,
0.93728584,
0.9372614,
0.93715364,
0.93663067,
0.93652457,
0.93640345,
0.9362392,
0.93619287,
0.9361146,
0.9361113,
0.93558073,
0.9355533,
0.9353262,
0.9350763,
0.9347143,
0.9344052,
0.9342743,
0.93373543,
0.933615,
0.93358624,
0.933448,
0.93300813,
0.93296045,
0.9327526,
0.9327139,
0.93259865,
0.9325815,
0.9324394,
0.9323131,
0.93194264,
0.9317446,
0.9317094,
0.9315088,
0.9309009,
0.93083054,
0.9308275,
0.9302478,
0.93022513,
0.9301187,
0.93008375,
0.92990905,
0.92977166,
0.9296665,
0.9293693,
0.929211,
0.92875206,
0.92874587,
0.92866296,
0.92841756,
0.9283062,
0.92812526,
0.92809534,
0.92803454,
0.92775095,
0.9276682,
0.92766815,
0.9274725,
0.9269548,
0.92658275,
0.9264098,
0.926323,
0.92625606,
0.9261732,
0.9258254,
0.9257976,
0.9257444,
0.9257369,
0.9256452,
0.92554355,
0.925476,
0.92545485,
0.9254502,
0.9254031,
0.9253458,
0.9252759,
0.92512333,
0.92506945,
0.9249418,
0.9248157,
0.92473996,
0.92416054,
0.92411625,
0.9238429,
0.92370343,
0.9236651,
0.923411,
0.9232924,
0.9232479,
0.9231998,
0.9230578,
0.923041,
0.92269653,
0.92255723,
0.92236376,
0.9222987,
0.9221762,
0.9218723,
0.92179626,
0.9217475,
0.9217024,
0.9216973,
0.9215323,
0.9212223,
0.920601,
0.92051643,
0.9204477,
0.92042595,
0.92041624,
0.9201525,
0.9200254,
0.91977483,
0.91973656,
0.9196778,
0.9195781,
0.91938156,
0.9192759,
0.91921717,
0.91881174,
0.9186049,
0.91843563,
0.91842526,
0.9184188,
0.9169111,
0.9168592,
0.9168398,
0.9167341,
0.9165539,
0.91642517,
0.9164245,
0.9159137,
0.9158501,
0.9157473,
0.9154849,
0.91545355,
0.9152675,
0.9151893,
0.91485536,
0.9147527,
0.9144156,
0.91432637,
0.91421926,
0.9141815,
0.9139391,
0.9129789,
0.91283154,
0.91260326,
0.9124891,
0.9124169,
0.91219467,
0.91202044,
0.911953,
0.9116119,
0.9116077,
0.91154665,
0.9115465,
0.9112736,
0.91122276,
0.91098374,
0.9108534,
0.91075355,
0.91042584,
0.90959996,
0.9095886,
0.90939254,
0.9093528,
0.90882325,
0.9079507,
0.9075681,
0.9074053,
0.90730757,
0.9071605,
0.90706885,
0.9067851,
0.9067017,
0.90641785,
0.9061146,
0.9060377,
0.90599686,
0.9057839,
0.9057607,
0.90542006,
0.90539175,
0.9050472,
0.90489554,
0.9046019,
0.904312,
0.9038529,
0.9038278,
0.90382165,
0.9037134,
0.9036637,
0.90305746,
0.90284765,
0.9028152,
0.9026864,
0.9026222,
0.90249413,
0.9021711,
0.9013742,
0.9013198,
0.9011696,
0.9009301,
0.900709,
0.90038633,
0.8996156,
0.8994362,
0.8993097,
0.8992731,
0.8992566,
0.89895344,
0.8987722,
0.8986302,
0.89819676,
0.8980098,
0.89769083,
0.89724636,
0.89698833,
0.89636856,
0.89604235,
0.89571315,
0.89564985,
0.8952458,
0.89457756,
0.8939781,
0.8938264,
0.8933207,
0.8929498,
0.892799,
0.8927672,
0.8927299,
0.89244515,
0.8922851,
0.89216805,
0.89205915,
0.8916836,
0.8916224,
0.8915188,
0.8914419,
0.8911189,
0.89107716,
0.89030445,
0.88965625,
0.8894087,
0.8893252,
0.8885054,
0.88817286,
0.888172,
0.8881349,
0.88783777,
0.8871681,
0.88711745,
0.88711125,
0.8869321,
0.88627714,
0.88590586,
0.88544905,
0.8851573,
0.8844782,
0.8841932,
0.8841313,
0.8840958,
0.88391966,
0.8837309,
0.8835328,
0.88333195,
0.8831225,
0.88283527,
0.88220954,
0.882086,
0.88190264,
0.88132983,
0.881143,
0.88092405,
0.8809025,
0.88089234,
0.8807512,
0.88058037,
0.88027424,
0.87964356,
0.8791658,
0.8785091,
0.8781974,
0.87794405,
0.8779215,
0.87748927,
0.8761442,
0.8757515,
0.87542194,
0.87480015,
0.87471914,
0.87454325,
0.87452877,
0.87421846,
0.8732499,
0.8731879,
0.8726836,
0.8721889,
0.8721857,
0.8714484,
0.8710912,
0.870873,
0.8705184,
0.87046814,
0.8704316,
0.87019473,
0.87018275,
0.869322,
0.8693159,
0.86892235,
0.86890066,
0.86877435,
0.8682752,
0.8682197,
0.8681974,
0.8678,
0.86742115,
0.86717004,
0.86674535,
0.86604315,
0.8659364,
0.8658533,
0.865788,
0.86575854,
0.86561674,
0.86506766,
0.86466396,
0.8644026,
0.8642066,
0.86418355,
0.86381984,
0.8635695,
0.86349493,
0.863372,
0.8633598,
0.8632804,
0.86323863,
0.8625674,
0.8621949,
0.861877,
0.8616212,
0.8610785,
0.86098117,
0.8607311,
0.8606041,
0.860524,
0.8594813,
0.85939616,
0.8593221,
0.8589722,
0.8588908,
0.8588847,
0.8587989,
0.85866547,
0.85845625,
0.8580814,
0.8577786,
0.85773706,
0.85763144,
0.8574205,
0.85709894,
0.8570629,
0.856818,
0.8566458,
0.856209,
0.8558975,
0.8558907,
0.8558069,
0.8551069,
0.85370356,
0.85354984,
0.8529109,
0.8528972,
0.852383,
0.8519977,
0.85188353,
0.8517784,
0.85151464,
0.8514184,
0.85132885,
0.850975,
0.85033923,
0.8500142,
0.8497673,
0.8497605,
0.8496209,
0.8490646,
0.8490365,
0.8490278,
0.8490173,
0.84883267,
0.84878594,
0.8486297,
0.84844846,
0.84815,
0.8479269,
0.84787875,
0.84770125,
0.84731495,
0.8470202,
0.8469661,
0.8463104,
0.8459268,
0.84587467,
0.84582305,
0.84580445,
0.84535575,
0.84528,
0.8452356,
0.84517264,
0.8449904,
0.8448141,
0.84478986,
0.8445794,
0.8439537,
0.8435607,
0.84354687,
0.84302646,
0.8428952,
0.8420708,
0.8419463,
0.8416511,
0.8415605,
0.8412475,
0.8407718,
0.8406258,
0.8405479,
0.84034234,
0.8402863,
0.8393363,
0.8392227,
0.83864456,
0.8384447,
0.8372481,
0.8367713,
0.836466,
0.83620805,
0.8362039,
0.83597577,
0.83575934,
0.83573085,
0.8357205,
0.8355022,
0.8354933,
0.83511007,
0.83472914,
0.834443,
0.83432525,
0.8338277,
0.8327462,
0.8325609,
0.83202356,
0.8313336,
0.8309758,
0.83062404,
0.83053553,
0.8299275,
0.8289855,
0.828562,
0.8275635,
0.826462,
0.8255809,
0.8255471,
0.82544786,
0.8251583,
0.8234911,
0.82348764,
0.82295096,
0.82251847,
0.82245314,
0.8224245,
0.82230306,
0.8222863,
0.82186943,
0.82169205,
0.82162464,
0.821472,
0.8205796,
0.82018447,
0.8199955,
0.8187872,
0.8187649,
0.81869245,
0.8179542,
0.8173184,
0.81717515,
0.8158091,
0.81564736,
0.8149887,
0.81440055,
0.813686,
0.8130051,
0.812828,
0.812771,
0.8123979,
0.81229615,
0.8121349,
0.8118044,
0.81127006,
0.81104505,
0.8110008,
0.8104998,
0.810471,
0.8103581,
0.8102283,
0.8098565,
0.8083469,
0.8074942,
0.80747044,
0.807343,
0.80706406,
0.80700475,
0.80654484,
0.80646825,
0.8060794,
0.8058772,
0.8050766,
0.8047292,
0.8042231,
0.8039272,
0.80357695,
0.8035568,
0.8033303,
0.80319357,
0.80254626,
0.80117404,
0.7997201,
0.7995602,
0.7992998,
0.7989866,
0.79799163,
0.7971074,
0.7971072,
0.79691786,
0.7968881,
0.79669964,
0.7964909,
0.79593354,
0.79550993,
0.7953814,
0.79479784,
0.79433095,
0.79390186,
0.79291266,
0.79277587,
0.79253334,
0.7921472,
0.7920565,
0.7919941,
0.7914075,
0.7899547,
0.7896982,
0.7896449,
0.7894644,
0.78933764,
0.7879749,
0.7867299,
0.7863495,
0.78619665,
0.7857376,
0.785479,
0.78485906,
0.78481436,
0.78425795,
0.7833322,
0.7826341,
0.7818809,
0.78177863,
0.78172326,
0.7816782,
0.78147805,
0.78040683,
0.78009707,
0.77902114,
0.77832824,
0.7781602,
0.7776991,
0.77724385,
0.77709687,
0.77669555,
0.77611756,
0.77484787,
0.7746523,
0.77459574,
0.7745786,
0.7742836,
0.7736366,
0.773463,
0.77333635,
0.7726348,
0.7715635,
0.77142835,
0.7711315,
0.77113,
0.77068985,
0.7696427,
0.7690826,
0.7685481,
0.768471,
0.7684212,
0.76805913,
0.7676127,
0.76699674,
0.7657253,
0.7645849,
0.7643852,
0.7634465,
0.76253927,
0.76233643,
0.7620119,
0.7608546,
0.7601063,
0.7592933,
0.7591808,
0.7590964,
0.75861204,
0.7580744,
0.75787073,
0.75784296,
0.757468,
0.7574386,
0.7574199,
0.7571909,
0.7571464,
0.7568735,
0.7568496,
0.7565212,
0.75578487,
0.75565857,
0.75513387,
0.7551237,
0.7549446,
0.7544198,
0.7540074,
0.753865,
0.7537,
0.75338006,
0.7522363,
0.75178856,
0.7517419,
0.7513823,
0.75128216,
0.7510519,
0.7509171,
0.75086635,
0.75061655,
0.7504743,
0.7502784,
0.7501069,
0.74892855,
0.7481246,
0.7472498,
0.7464591,
0.7464095,
0.7462418,
0.7459006,
0.74539727,
0.744274,
0.7440674,
0.74314314,
0.7429871,
0.74264604,
0.7425851,
0.74111193,
0.7407973,
0.7400991,
0.7396749,
0.7395704,
0.73952734,
0.7386926,
0.73730445,
0.737228,
0.73707914,
0.7357074,
0.73503107,
0.7349205,
0.7347526,
0.7345826,
0.7345594,
0.73354447,
0.7335378,
0.73337144,
0.73328096,
0.73230964,
0.7322975,
0.7319936,
0.73184454,
0.7315965,
0.73145103,
0.73048854,
0.7296536,
0.72960615,
0.72953147,
0.729515,
0.7292753,
0.7291323,
0.72895646,
0.7288317,
0.7281492,
0.7278861,
0.7271862,
0.72693175,
0.7265023,
0.7256782,
0.7250479,
0.7243786,
0.72400343,
0.7234395,
0.7232446,
0.7229171,
0.722723,
0.72215754,
0.72036415,
0.7201894,
0.7196713,
0.719663,
0.71961427,
0.7189903,
0.7189234,
0.7187331,
0.7183695,
0.7181448,
0.71632445,
0.7163232,
0.7160025,
0.71436954,
0.71431416,
0.71430665,
0.71412206,
0.7140932,
0.7138093,
0.71285164,
0.7106298,
0.71027946,
0.71003485,
0.7092614,
0.7088564,
0.7085555,
0.7077213,
0.70702463,
0.70700973,
0.7069205,
0.7067822,
0.70656246,
0.70596075,
0.7058641,
0.70567834,
0.7055863,
0.7054777,
0.7053536,
0.7031611,
0.7030299,
0.70265144,
0.70179045,
0.7016983,
0.7015093,
0.7014314,
0.6989141,
0.6989012,
0.6987677,
0.6984971,
0.6983343,
0.6980976,
0.69786316,
0.6961628,
0.6950858,
0.69489276,
0.6935873,
0.69324577,
0.6927521,
0.6926385,
0.6916505,
0.69131374,
0.6902276,
0.6901073,
0.6897701,
0.68959653,
0.6893413,
0.68887115,
0.6887451,
0.6873174,
0.6868022,
0.6866219,
0.686132,
0.6861105,
0.6858486,
0.6856799,
0.6852419,
0.6851667,
0.6846869,
0.6842791,
0.68423253,
0.6838875,
0.681099,
0.68099535,
0.6806663,
0.6801998,
0.680131,
0.6795458,
0.6791453,
0.67894095,
0.67866087,
0.678434,
0.67825615,
0.6778411,
0.6777685,
0.6771096,
0.67673326,
0.6764888,
0.67622435,
0.6757624,
0.6749879,
0.67487526,
0.6747907,
0.6742616,
0.6737292,
0.6715065,
0.6711735,
0.6703373,
0.6700925,
0.6699198,
0.6698163,
0.66914266,
0.66893744,
0.6683017,
0.6671439,
0.66702545,
0.6667383,
0.6664137,
0.6663652,
0.6658335,
0.66519105,
0.66487795,
0.66482747,
0.6633842,
0.6633181,
0.66250557,
0.6619533,
0.6618231,
0.66096044,
0.66084886,
0.660827,
0.66046655,
0.6592257,
0.65795827,
0.6568362,
0.65655446,
0.65598994,
0.6548513,
0.6532435,
0.65313244,
0.6513433,
0.65122545,
0.6498802,
0.6497235,
0.6492215,
0.64857984,
0.6482372,
0.64725167,
0.64680594,
0.6456408,
0.6450902,
0.6445433,
0.64335895,
0.6427861,
0.64221007,
0.64181834,
0.64179474,
0.640893,
0.64052796,
0.6400979,
0.63967633,
0.63853854,
0.6380569,
0.637994,
0.63600034,
0.63581043,
0.63565004,
0.6348156,
0.634415,
0.63258445,
0.6325555,
0.6325381,
0.63139856,
0.6308382,
0.6284939,
0.6282257,
0.62818617,
0.62678283,
0.6247841,
0.6245688,
0.62451136,
0.62397057,
0.6230222,
0.62165236,
0.62093514,
0.6169955,
0.6167682,
0.61665934,
0.6160771,
0.6142972,
0.61393666,
0.61373645,
0.613712,
0.6136866,
0.6132492,
0.61285675,
0.61188596,
0.61164767,
0.61160225,
0.61147803,
0.61135304,
0.61086583,
0.6095015,
0.60778135,
0.6075692,
0.60692155,
0.6057594,
0.6055907,
0.6036177,
0.60284764,
0.6021003,
0.6003241,
0.5995435,
0.5993787,
0.5953283,
0.5935478,
0.59307563,
0.59305644,
0.59160477,
0.5893669,
0.5886488,
0.58679634,
0.58635885,
0.5849031,
0.5845697,
0.58400244,
0.58265287,
0.58242846,
0.58011836,
0.5793829,
0.57715285,
0.57711464,
0.5770462,
0.5753939,
0.5746523,
0.5740889,
0.57338893,
0.5728697,
0.5728083,
0.57272315,
0.5715956,
0.5714726,
0.5695416,
0.56946015,
0.56892776,
0.5688281,
0.5686157,
0.56843966,
0.5680529,
0.5676301,
0.566904,
0.56590974,
0.56289655,
0.5628463,
0.5625342,
0.5606857,
0.55958647,
0.5553905,
0.55534065,
0.5553381,
0.5536255,
0.55282885,
0.55261004,
0.54865134,
0.546833,
0.54519325,
0.5444014,
0.5417023,
0.5399926,
0.53700775,
0.5356598,
0.5345168,
0.533147,
0.53279984,
0.5285971,
0.5267563,
0.52452135,
0.52433926,
0.5242815,
0.52356714,
0.52260196,
0.5147619,
0.51239824,
0.51007974,
0.50997704,
0.5078272,
0.50562537,
0.4986719,
0.49801818,
0.4975711,
0.4897402,
0.4896924,
0.48719257,
0.48554832,
0.48237297,
0.4823332,
0.47301048,
